datetime,wavelengths,mean,std,max,min,nans,nans_norm,nans_sum,nans_perc,nans_std
20200101005743,"[1.64, 3.92, 8.7, 9.66, 10.8, 12.0, 13.4, 0.64, 0.81, 6.25, 7.35]","[0.145686, 0.380202, 43.60943, 39.273663, 74.66128, 86.227394, 74.13391, 0.092515, 0.163317, 3.085736, 13.466486]","[1.265261, 0.228808, 15.045337, 11.810563, 22.23064, 23.991129, 16.058388, 0.855243, 1.486284, 1.061503, 4.36613]","[18.616121, 3.556224, 69.45589, 63.00031, 110.9243, 124.49424, 99.76517, 20.28078, 27.049498, 6.346719, 22.36212]","[0.0, 0.0, 2.408142, 8.316874, 6.561142, 10.004003, 16.075905, 0.0, 0.0, 0.207953, 0.733818]","[3565259.0, 3565259.0, 3565259.0, 3565259.0, 3565259.0, 3565259.0, 3565259.0, 3565259.0, 3565259.0, 3565259.0, 3565259.0]","[0.0, 0.0, 0.0, 0.0, 0.0, 0.0, 0.0, 0.0, 0.0, 0.0, 0.0]",0.0,0.0,0.0
20200101015744,"[1.64, 3.92, 8.7, 9.66, 10.8, 12.0, 13.4, 0.64, 0.81, 6.25, 7.35]","[0.312408, 0.38829, 43.463512, 39.147575, 74.474686, 86.053375, 74.097374, 0.250677, 0.373251, 3.088662, 13.460734]","[1.779292, 0.242063, 14.968102, 11.730471, 22.121067, 23.867996, 15.974548, 1.485217, 2.19564, 1.059563, 4.344116]","[17.825924, 3.556224, 69.582634, 63.00031, 110.9243, 124.49424, 100.08038, 20.28078, 26.242464, 6.363354, 22.632471]","[0.0, 0.0, 2.281397, 8.316874, 5.946034, 9.114757, 15.445477, 0.0, 0.0, 0.191317, 0.695195]","[3565259.0, 3565259.0, 3565259.0, 3565259.0, 3565259.0, 3565259.0, 3565259.0, 3565259.0, 3565259.0, 3565259.0, 3565259.0]","[0.0, 0.0, 0.0, 0.0, 0.0, 0.0, 0.0, 0.0, 0.0, 0.0, 0.0]",0.0,0.0,0.0
20200101025743,"[1.64, 3.92, 8.7, 9.66, 10.8, 12.0, 13.4, 0.64, 0.81, 6.25, 7.35]","[0.522724, 0.400351, 43.382404, 39.0486, 74.322655, 85.90442, 74.04024, 0.461483, 0.611725, 3.092174, 13.462241]","[2.026583, 0.248757, 14.886662, 11.633692, 21.981073, 23.707773, 15.86154, 1.760462, 2.366662, 1.057777, 4.320429]","[18.221022, 3.461099, 69.70937, 62.89635, 111.12933, 124.938866, 100.23799, 20.28078, 25.71372, 6.321765, 22.55523]","[0.0, 0.0, 2.281397, 8.420834, 6.356106, 10.004003, 16.075905, 0.0, 0.0, 0.191317, 0.656574]","[3565259.0, 3565259.0, 3565259.0, 3565259.0, 3565259.0, 3565259.0, 3565259.0, 3565259.0, 3565259.0, 3565259.0, 3565259.0]","[0.0, 0.0, 0.0, 0.0, 0.0, 0.0, 0.0, 0.0, 0.0, 0.0, 0.0]",0.0,0.0,0.0
20200101035743,"[1.64, 3.92, 8.7, 9.66, 10.8, 12.0, 13.4, 0.64, 0.81, 6.25, 7.35]","[0.695465, 0.413608, 43.362305, 39.009678, 74.30057, 85.95942, 74.08708, 0.684887, 0.852925, 3.094546, 13.468701]","[2.044643, 0.266582, 14.8266, 11.558887, 21.882044, 23.605385, 15.779506, 1.947373, 2.459353, 1.056168, 4.298665]","[17.802683, 3.344022, 69.45589, 62.58447, 110.71926, 124.271935, 99.922775, 20.28078, 25.658062, 6.305128, 22.671095]","[0.0, 0.0, 2.154653, 8.524796, 6.15107, 9.33707, 15.445477, 0.0, 0.0, 0.191317, 0.695195]","[3565259.0, 3565259.0, 3565259.0, 3565259.0, 3565259.0, 3565259.0, 3565259.0, 3565259.0, 3565259.0, 3565259.0, 3565259.0]","[0.0, 0.0, 0.0, 0.0, 0.0, 0.0, 0.0, 0.0, 0.0, 0.0, 0.0]",0.0,0.0,0.0
20200101045744,"[1.64, 3.92, 8.7, 9.66, 10.8, 12.0, 13.4, 0.64, 0.81, 6.25, 7.35]","[0.84302, 0.423126, 43.547703, 39.074238, 74.55227, 86.17989, 74.139725, 0.870022, 1.083746, 3.098024, 13.481478]","[1.833567, 0.247757, 14.893943, 11.560601, 21.955177, 23.645662, 15.738483, 1.908828, 2.382947, 1.055819, 4.284832]","[17.361101, 3.490368, 69.2024, 62.272587, 110.51423, 124.271935, 99.60757, 20.28078, 26.381607, 6.338401, 22.748339]","[0.0, 0.0, 2.154653, 8.420834, 6.15107, 9.33707, 15.603084, 0.0, 0.0, 0.182998, 0.695195]","[3565259.0, 3565259.0, 3565259.0, 3565259.0, 3565259.0, 3565259.0, 3565259.0, 3565259.0, 3565259.0, 3565259.0, 3565259.0]","[0.0, 0.0, 0.0, 0.0, 0.0, 0.0, 0.0, 0.0, 0.0, 0.0, 0.0]",0.0,0.0,0.0
20200101055743,"[1.64, 3.92, 8.7, 9.66, 10.8, 12.0, 13.4, 0.64, 0.81, 6.25, 7.35]","[1.098808, 0.439569, 43.96078, 39.33938, 75.17073, 86.78386, 74.31172, 1.134392, 1.439481, 3.103114, 13.497372]","[1.808747, 0.238982, 15.084337, 11.700226, 22.22633, 23.893099, 15.786309, 1.994637, 2.497882, 1.057603, 4.280942]","[17.384342, 3.318411, 75.919846, 63.00031, 117.48544, 129.82971, 99.44996, 20.28078, 25.880692, 6.404946, 22.864206]","[0.0, 0.0, 2.281397, 8.316874, 6.356106, 9.559381, 16.233513, 0.0, 0.0, 0.216271, 0.811061]","[3565259.0, 3565259.0, 3565259.0, 3565259.0, 3565259.0, 3565259.0, 3565259.0, 3565259.0, 3565259.0, 3565259.0, 3565259.0]","[0.0, 0.0, 0.0, 0.0, 0.0, 0.0, 0.0, 0.0, 0.0, 0.0, 0.0]",0.0,0.0,0.0
20200101065743,"[1.64, 3.92, 8.7, 9.66, 10.8, 12.0, 13.4, 0.64, 0.81, 6.25, 7.35]","[1.481619, 0.468187, 44.639984, 39.787704, 76.18354, 87.67153, 74.62554, 1.498209, 1.925875, 3.107893, 13.51368]","[1.98264, 0.250724, 15.469162, 12.022978, 22.803238, 24.42249, 15.973661, 2.198424, 2.761748, 1.061172, 4.290566]","[16.803314, 3.340363, 84.79195, 68.51024, 129.37752, 143.39069, 102.91731, 20.28078, 24.8232, 6.579626, 23.5594]","[0.0, 0.0, 2.408142, 8.316874, 6.561142, 9.33707, 16.075905, 0.0, 0.0, 0.191317, 0.733818]","[3565259.0, 3565259.0, 3565259.0, 3565259.0, 3565259.0, 3565259.0, 3565259.0, 3565259.0, 3565259.0, 3565259.0, 3565259.0]","[0.0, 0.0, 0.0, 0.0, 0.0, 0.0, 0.0, 0.0, 0.0, 0.0, 0.0]",0.0,0.0,0.0
20200101075744,"[1.64, 3.92, 8.7, 9.66, 10.8, 12.0, 13.4, 0.64, 0.81, 6.25, 7.35]","[1.963704, 0.509856, 45.613323, 40.430172, 77.590416, 88.97309, 75.12247, 1.936632, 2.509466, 3.115838, 13.5572]","[2.241492, 0.279098, 16.01098, 12.508004, 23.617785, 25.207891, 16.279707, 2.421791, 3.046796, 1.066, 4.317528]","[17.407583, 3.380608, 93.41056, 74.12412, 142.49979, 156.28473, 107.645515, 20.28078, 26.409437, 6.845805, 24.254597]","[0.0, 0.0, 2.408142, 8.420834, 6.766176, 10.004003, 16.075905, 0.0, 0.0, 0.216271, 0.811061]","[3565259.0, 3565259.0, 3565259.0, 3565259.0, 3565259.0, 3565259.0, 3565259.0, 3565259.0, 3565259.0, 3565259.0, 3565259.0]","[0.0, 0.0, 0.0, 0.0, 0.0, 0.0, 0.0, 0.0, 0.0, 0.0, 0.0]",0.0,0.0,0.0
20200101085743,"[1.64, 3.92, 8.7, 9.66, 10.8, 12.0, 13.4, 0.64, 0.81, 6.25, 7.35]","[2.519226, 0.562283, 46.670994, 41.16344, 79.12629, 90.48291, 75.61157, 2.451819, 3.182064, 3.124918, 13.611869]","[2.522167, 0.318328, 16.64057, 13.074793, 24.572832, 26.156567, 16.622995, 2.604516, 3.288879, 1.070585, 4.354016]","[18.267504, 3.494027, 104.18383, 78.594444, 156.8523, 170.51265, 112.373726, 20.28078, 27.049498, 6.879078, 24.988415]","[0.0, 0.0, 2.281397, 8.316874, 6.356106, 9.781692, 16.075905, 0.0, 0.0, 0.232907, 0.77244]","[3565259.0, 3565259.0, 3565259.0, 3565259.0, 3565259.0, 3565259.0, 3565259.0, 3565265.0, 3565259.0, 3565259.0, 3565259.0]","[0.0, 0.0, 0.0, 0.0, 0.0, 0.0, 0.0, 6.0, 0.0, 0.0, 0.0]",6.0,3.9586092044103345e-06,1.724878723728207
20200101095743,"[1.64, 3.92, 8.7, 9.66, 10.8, 12.0, 13.4, 0.64, 0.81, 6.25, 7.35]","[3.14885, 0.622593, 47.627113, 41.795258, 80.48502, 91.79888, 76.11561, 3.065988, 3.976467, 3.1309, 13.657381]","[2.78317, 0.357966, 17.279991, 13.611442, 25.530598, 27.106176, 16.972744, 2.761256, 3.503058, 1.073217, 4.390642]","[16.431458, 3.329387, 111.78849, 82.9608, 167.71918, 179.84972, 116.15629, 19.65483, 23.515253, 6.91235, 25.4905]","[0.0, 0.0, 2.281397, 8.524796, 6.766176, 10.448625, 16.706333, 0.0, 0.0, 0.241225, 0.733818]","[3565259.0, 3565259.0, 3565259.0, 3565259.0, 3565259.0, 3565259.0, 3565259.0, 3565259.0, 3565259.0, 3565259.0, 3565259.0]","[0.0, 0.0, 0.0, 0.0, 0.0, 0.0, 0.0, 0.0, 0.0, 0.0, 0.0]",0.0,0.0,0.0
20200101105744,"[1.64, 3.92, 8.7, 9.66, 10.8, 12.0, 13.4, 0.64, 0.81, 6.25, 7.35]","[3.554754, 0.679005, 48.277073, 42.216045, 81.39636, 92.66745, 76.43395, 3.536065, 4.559921, 3.134884, 13.681358]","[2.890855, 0.385619, 17.789846, 14.013966, 26.298716, 27.884588, 17.274355, 2.895455, 3.661465, 1.076517, 4.430684]","[14.711617, 3.556224, 116.985, 86.18359, 175.30551, 185.18518, 118.362785, 20.19732, 24.183142, 6.987213, 25.72223]","[0.0, 0.0, 2.154653, 8.316874, 6.356106, 10.004003, 16.233513, 0.0, 0.0, 0.182998, 0.695195]","[3565259.0, 3565259.0, 3565259.0, 3565259.0, 3565259.0, 3565259.0, 3565259.0, 3565259.0, 3565259.0, 3565259.0, 3565259.0]","[0.0, 0.0, 0.0, 0.0, 0.0, 0.0, 0.0, 0.0, 0.0, 0.0, 0.0]",0.0,0.0,0.0
20200101115743,"[1.64, 3.92, 8.7, 9.66, 10.8, 12.0, 13.4, 0.64, 0.81, 6.25, 7.35]","[3.657488, 0.703888, 48.57767, 42.43121, 81.76579, 93.025795, 76.48845, 3.693532, 4.752142, 3.13508, 13.683186]","[2.850214, 0.395303, 18.140226, 14.273352, 26.822422, 28.454218, 17.537516, 2.926835, 3.696672, 1.081585, 4.483164]","[13.805214, 3.556224, 119.39314, 87.639046, 178.7911, 187.4083, 118.99321, 20.28078, 24.572742, 7.08703, 26.224318]","[0.0, 0.0, 2.154653, 8.524796, 5.740999, 8.892446, 15.287869, 0.0, 0.0, 0.207953, 0.656574]","[3565259.0, 3565259.0, 3565259.0, 3565259.0, 3565259.0, 3565259.0, 3565259.0, 3565259.0, 3565259.0, 3565259.0, 3565259.0]","[0.0, 0.0, 0.0, 0.0, 0.0, 0.0, 0.0, 0.0, 0.0, 0.0, 0.0]",0.0,0.0,0.0
20200101125743,"[1.64, 3.92, 8.7, 9.66, 10.8, 12.0, 13.4, 0.64, 0.81, 6.25, 7.35]","[3.447206, 0.683317, 48.37995, 42.29218, 81.43613, 92.764046, 76.28501, 3.585393, 4.588835, 3.131792, 13.648553]","[2.713255, 0.381105, 18.227076, 14.306552, 26.9965, 28.7355, 17.764292, 2.957858, 3.71048, 1.090384, 4.542982]","[13.224187, 3.556224, 116.85826, 85.97567, 175.51054, 185.4075, 118.362785, 20.28078, 24.350113, 7.103668, 26.26294]","[0.0, 0.0, 2.027909, 8.420834, 5.535963, 8.892446, 15.130263, 0.0, 0.0, 0.207953, 0.656574]","[3565259.0, 3565259.0, 3565259.0, 3565259.0, 3565259.0, 3565259.0, 3565259.0, 3565259.0, 3565259.0, 3565259.0, 3565259.0]","[0.0, 0.0, 0.0, 0.0, 0.0, 0.0, 0.0, 0.0, 0.0, 0.0, 0.0]",0.0,0.0,0.0
20200101135744,"[1.64, 3.92, 8.7, 9.66, 10.8, 12.0, 13.4, 0.64, 0.81, 6.25, 7.35]","[3.004718, 0.628705, 47.757755, 41.89399, 80.48437, 91.77463, 75.87189, 3.271394, 4.146207, 3.125704, 13.585066]","[2.5138, 0.347404, 18.022078, 14.114613, 26.747177, 28.572681, 17.875788, 2.972022, 3.686353, 1.100272, 4.593684]","[12.968534, 3.424512, 110.52104, 83.064766, 168.74435, 177.84892, 115.84107, 20.19732, 23.376108, 7.037122, 26.031206]","[0.0, 0.0, 2.027909, 8.524796, 5.740999, 9.33707, 15.130263, 0.0, 0.0, 0.124772, 0.502086]","[3565259.0, 3565259.0, 3565259.0, 3565259.0, 3565259.0, 3565259.0, 3565259.0, 3565259.0, 3565259.0, 3565259.0, 3565259.0]","[0.0, 0.0, 0.0, 0.0, 0.0, 0.0, 0.0, 0.0, 0.0, 0.0, 0.0]",0.0,0.0,0.0
20200101145743,"[1.64, 3.92, 8.7, 9.66, 10.8, 12.0, 13.4, 0.64, 0.81, 6.25, 7.35]","[2.309786, 0.567072, 46.928444, 41.341534, 79.28353, 90.6644, 75.40613, 2.615751, 3.285067, 3.120639, 13.516601]","[2.153489, 0.306197, 17.583046, 13.736432, 26.14953, 28.07653, 17.8204, 2.760285, 3.429675, 1.108186, 4.618139]","[11.271934, 3.556224, 102.15592, 78.6984, 156.64725, 168.51184, 112.373726, 19.82175, 23.153479, 7.028804, 24.91117]","[0.0, 0.0, 2.027909, 8.524796, 5.535963, 8.447824, 14.815049, 0.0, 0.0, 0.13309, 0.57933]","[3565259.0, 3565259.0, 3565259.0, 3565259.0, 3565259.0, 3565259.0, 3565259.0, 3565259.0, 3565259.0, 3565259.0, 3565259.0]","[0.0, 0.0, 0.0, 0.0, 0.0, 0.0, 0.0, 0.0, 0.0, 0.0, 0.0]",0.0,0.0,0.0
20200101155743,"[1.64, 3.92, 8.7, 9.66, 10.8, 12.0, 13.4, 0.64, 0.81, 6.25, 7.35]","[1.707468, 0.515376, 46.027603, 40.7711, 77.952255, 89.31484, 74.849815, 2.084145, 2.573272, 3.115847, 13.466403]","[1.886896, 0.269943, 17.104458, 13.318446, 25.46575, 27.426165, 17.680962, 2.620078, 3.263091, 1.114717, 4.63635]","[11.574068, 3.428171, 94.678, 73.81224, 145.57533, 157.84091, 107.96073, 17.90217, 21.511585, 7.028804, 24.254597]","[0.0, 0.0, 1.647676, 8.628756, 5.330927, 8.003202, 14.184621, 0.0, 0.0, 0.141408, 0.540708]","[3565259.0, 3565259.0, 3565259.0, 3565259.0, 3565259.0, 3565259.0, 3565259.0, 3565259.0, 3565259.0, 3565259.0, 3565259.0]","[0.0, 0.0, 0.0, 0.0, 0.0, 0.0, 0.0, 0.0, 0.0, 0.0, 0.0]",0.0,0.0,0.0
20200101165743,"[1.64, 3.92, 8.7, 9.66, 10.8, 12.0, 13.4, 0.64, 0.81, 6.25, 7.35]","[1.278443, 0.477199, 45.24659, 40.250656, 76.803246, 88.21202, 74.38466, 1.635491, 2.002329, 3.11163, 13.406805]","[1.756113, 0.246409, 16.704634, 12.944142, 24.871681, 26.847544, 17.501974, 2.471336, 3.10348, 1.118375, 4.629962]","[10.737389, 3.054987, 83.65125, 69.03004, 136.14369, 151.39389, 104.49338, 17.15103, 20.927183, 7.020486, 24.215975]","[0.0, 0.0, 2.027909, 8.732716, 5.740999, 8.892446, 14.972655, 0.0, 0.0, 0.17468, 0.617952]","[3565259.0, 3565259.0, 3565259.0, 3565259.0, 3565259.0, 3565259.0, 3565259.0, 3565259.0, 3565259.0, 3565259.0, 3565259.0]","[0.0, 0.0, 0.0, 0.0, 0.0, 0.0, 0.0, 0.0, 0.0, 0.0, 0.0]",0.0,0.0,0.0
20200101175743,"[1.64, 3.92, 8.7, 9.66, 10.8, 12.0, 13.4, 0.64, 0.81, 6.25, 7.35]","[1.019531, 0.452785, 44.663338, 39.87098, 75.958496, 87.34383, 74.07577, 1.290795, 1.592748, 3.112889, 13.371408]","[1.719914, 0.234044, 16.371637, 12.634748, 24.372307, 26.328526, 17.30174, 2.289082, 2.907713, 1.120244, 4.612504]","[10.853594, 3.556224, 78.83497, 64.97556, 135.32355, 147.16998, 101.34124, 17.672655, 21.706387, 6.978895, 24.409084]","[0.0, 0.0, 2.027909, 8.524796, 5.535963, 8.670135, 14.342229, 0.0, 0.0, 0.149726, 0.617952]","[3565259.0, 3565259.0, 3565259.0, 3565259.0, 3565259.0, 3565259.0, 3565259.0, 3565259.0, 3565259.0, 3565259.0, 3565259.0]","[0.0, 0.0, 0.0, 0.0, 0.0, 0.0, 0.0, 0.0, 0.0, 0.0, 0.0]",0.0,0.0,0.0
20200101185744,"[1.64, 3.92, 8.7, 9.66, 10.8, 12.0, 13.4, 0.64, 0.81, 6.25, 7.35]","[0.849142, 0.438586, 44.285957, 39.65028, 75.40059, 86.80385, 73.8595, 1.002222, 1.263076, 3.110432, 13.359097]","[1.719203, 0.230948, 16.157202, 12.430345, 24.04184, 25.99171, 17.12887, 2.07584, 2.672797, 1.118049, 4.593414]","[17.198414, 3.318411, 74.90589, 63.31219, 129.17247, 138.94446, 100.55321, 20.28078, 25.797203, 7.012168, 24.486328]","[0.0, 0.0, 1.901164, 8.524796, 5.535963, 8.225512, 14.027015, 0.0, 0.0, 0.166362, 0.617952]","[3565259.0, 3565259.0, 3565259.0, 3565259.0, 3565259.0, 3565259.0, 3565259.0, 3565259.0, 3565259.0, 3565259.0, 3565259.0]","[0.0, 0.0, 0.0, 0.0, 0.0, 0.0, 0.0, 0.0, 0.0, 0.0, 0.0]",0.0,0.0,0.0
20200101195743,"[1.64, 3.92, 8.7, 9.66, 10.8, 12.0, 13.4, 0.64, 0.81, 6.25, 7.35]","[0.686514, 0.427155, 44.029633, 39.46776, 75.03554, 86.41326, 73.73574, 0.735511, 0.95303, 3.111447, 13.348809]","[1.732883, 0.2313, 15.960641, 12.253405, 23.729284, 25.648844, 16.92296, 1.84293, 2.417413, 1.11303, 4.555958]","[17.96537, 3.556224, 70.216354, 63.208233, 119.12573, 131.38588, 99.60757, 20.28078, 25.68589, 6.945624, 24.563572]","[0.0, 0.0, 1.901164, 8.628756, 5.535963, 8.447824, 14.184621, 0.0, 0.0, 0.17468, 0.617952]","[3565259.0, 3565259.0, 3565259.0, 3565259.0, 3565259.0, 3565259.0, 3565259.0, 3565260.0, 3565259.0, 3565259.0, 3565259.0]","[0.0, 0.0, 0.0, 0.0, 0.0, 0.0, 0.0, 1.0, 0.0, 0.0, 0.0]",1.0,6.597682007350557e-07,0.2874797872880345
20200101205743,"[1.64, 3.92, 8.7, 9.66, 10.8, 12.0, 13.4, 0.64, 0.81, 6.25, 7.35]","[0.532443, 0.417106, 43.86012, 39.366978, 74.827675, 86.224205, 73.69123, 0.500606, 0.675118, 3.114748, 13.354229]","[1.769089, 0.235403, 15.76264, 12.094778, 23.4232, 25.319822, 16.703255, 1.628852, 2.206895, 1.106516, 4.512754]","[18.430193, 3.428171, 69.582634, 63.00031, 111.539406, 126.49505, 99.44996, 20.28078, 27.049498, 6.879078, 24.293219]","[0.0, 0.0, 2.027909, 8.524796, 5.740999, 8.892446, 14.815049, 0.0, 0.0, 0.17468, 0.617952]","[3565259.0, 3565259.0, 3565259.0, 3565259.0, 3565259.0, 3565259.0, 3565259.0, 3565259.0, 3565259.0, 3565259.0, 3565259.0]","[0.0, 0.0, 0.0, 0.0, 0.0, 0.0, 0.0, 0.0, 0.0, 0.0, 0.0]",0.0,0.0,0.0
20200101215744,"[1.64, 3.92, 8.7, 9.66, 10.8, 12.0, 13.4, 0.64, 0.81, 6.25, 7.35]","[0.387596, 0.407869, 43.75095, 39.27835, 74.65837, 86.11953, 73.68707, 0.320049, 0.458123, 3.117217, 13.361277]","[1.869177, 0.264036, 15.579086, 11.94511, 23.125395, 25.012108, 16.491726, 1.557245, 2.214702, 1.099696, 4.467039]","[18.941496, 3.556224, 69.70937, 62.89635, 110.9243, 125.38349, 99.60757, 20.28078, 27.049498, 6.87076, 23.984243]","[0.0, 0.0, 1.77442, 8.524796, 5.535963, 8.670135, 14.342229, 0.0, 0.0, 0.17468, 0.502086]","[3565259.0, 3565259.0, 3565259.0, 3565259.0, 3565259.0, 3565259.0, 3565259.0, 3565259.0, 3565259.0, 3565259.0, 3565259.0]","[0.0, 0.0, 0.0, 0.0, 0.0, 0.0, 0.0, 0.0, 0.0, 0.0, 0.0]",0.0,0.0,0.0
20200101225743,"[1.64, 3.92, 8.7, 9.66, 10.8, 12.0, 13.4, 0.64, 0.81, 6.25, 7.35]","[0.220513, 0.393134, 43.58988, 39.148212, 74.43389, 85.87575, 73.63633, 0.18083, 0.272988, 3.11645, 13.359295]","[1.605636, 0.277541, 15.425369, 11.817273, 22.878496, 24.738098, 16.302917, 1.449617, 2.081739, 1.093923, 4.426584]","[19.847898, 3.556224, 69.70937, 62.89635, 110.71926, 124.71656, 99.29235, 20.28078, 27.049498, 6.837487, 23.945621]","[0.0, 0.0, 2.027909, 8.420834, 5.535963, 8.447824, 14.499835, 0.0, 0.0, 0.17468, 0.656574]","[3565313.0, 3565261.0, 3565259.0, 3565259.0, 3565259.0, 3565259.0, 3565259.0, 3565279.0, 3565260.0, 3565259.0, 3565259.0]","[54.0, 2.0, 0.0, 0.0, 0.0, 0.0, 0.0, 20.0, 1.0, 0.0, 0.0]",77.0,5.080215145659929e-05,15.903115761041636
20200101235743,"[1.64, 3.92, 8.7, 9.66, 10.8, 12.0, 13.4, 0.64, 0.81, 6.25, 7.35]","[0.110829, 0.37722, 43.430714, 39.033436, 74.26703, 85.68284, 73.54917, 0.067425, 0.123937, 3.114428, 13.353096]","[1.096238, 0.230852, 15.286106, 11.712799, 22.674114, 24.502905, 16.13148, 0.721986, 1.282008, 1.086789, 4.387028]","[18.56964, 3.556224, 69.2024, 62.792393, 110.71926, 124.938866, 98.977135, 20.28078, 26.659895, 6.904032, 24.061487]","[0.0, 0.0, 2.027909, 8.524796, 5.535963, 8.225512, 14.342229, 0.0, 0.0, 0.17468, 0.617952]","[3565259.0, 3565259.0, 3565259.0, 3565259.0, 3565259.0, 3565259.0, 3565259.0, 3565259.0, 3565259.0, 3565259.0, 3565259.0]","[0.0, 0.0, 0.0, 0.0, 0.0, 0.0, 0.0, 0.0, 0.0, 0.0, 0.0]",0.0,0.0,0.0
20200102005744,"[1.64, 3.92, 8.7, 9.66, 10.8, 12.0, 13.4, 0.64, 0.81, 6.25, 7.35]","[0.14487, 0.376112, 43.3273, 38.956738, 74.11384, 85.58234, 73.53375, 0.089742, 0.158508, 3.113058, 13.3442]","[1.255031, 0.228673, 15.177535, 11.633591, 22.500637, 24.326496, 16.006672, 0.832491, 1.445957, 1.079709, 4.352405]","[18.360468, 3.556224, 69.2024, 62.89635, 110.51423, 124.71656, 98.50432, 20.28078, 26.270294, 6.895714, 23.829754]","[0.0, 0.0, 2.281397, 8.420834, 6.356106, 9.33707, 15.287869, 0.0, 0.0, 0.199635, 0.656574]","[3565259.0, 3565259.0, 3565259.0, 3565259.0, 3565259.0, 3565259.0, 3565259.0, 3565259.0, 3565259.0, 3565259.0, 3565259.0]","[0.0, 0.0, 0.0, 0.0, 0.0, 0.0, 0.0, 0.0, 0.0, 0.0, 0.0]",0.0,0.0,0.0
20200102035744,"[1.64, 3.92, 8.7, 9.66, 10.8, 12.0, 13.4, 0.64, 0.81, 6.25, 7.35]","[0.692217, 0.412484, 43.26476, 38.865574, 74.10929, 85.56381, 73.632385, 0.690068, 0.858506, 3.118645, 13.377229]","[2.096251, 0.273946, 14.822004, 11.384144, 21.944103, 23.689222, 15.605478, 2.025201, 2.546769, 1.061869, 4.253458]","[18.383707, 3.508662, 69.07565, 62.688427, 110.51423, 124.271935, 98.66193, 20.28078, 27.049498, 6.987213, 22.94145]","[0.0, 0.0, 1.901164, 8.524796, 5.330927, 8.670135, 14.657441, 0.0, 0.0, 0.17468, 0.656574]","[3565259.0, 3565259.0, 3565259.0, 3565259.0, 3565259.0, 3565259.0, 3565259.0, 3565259.0, 3565259.0, 3565259.0, 3565259.0]","[0.0, 0.0, 0.0, 0.0, 0.0, 0.0, 0.0, 0.0, 0.0, 0.0, 0.0]",0.0,0.0,0.0
20200102045743,"[1.64, 3.92, 8.7, 9.66, 10.8, 12.0, 13.4, 0.64, 0.81, 6.25, 7.35]","[0.819992, 0.420069, 43.529797, 39.04117, 74.48375, 85.95335, 73.78878, 0.855587, 1.066117, 3.12311, 13.413173]","[1.80384, 0.239076, 14.845695, 11.410275, 21.94018, 23.65127, 15.52119, 1.894671, 2.368762, 1.057051, 4.229032]","[17.779442, 3.472075, 68.948906, 62.272587, 110.3092, 123.605, 97.71628, 20.28078, 26.492924, 6.970577, 22.748339]","[0.0, 0.0, 2.027909, 8.524796, 5.740999, 8.670135, 14.342229, 0.0, 0.0, 0.17468, 0.656574]","[3565259.0, 3565259.0, 3565259.0, 3565259.0, 3565259.0, 3565259.0, 3565259.0, 3565259.0, 3565259.0, 3565259.0, 3565259.0]","[0.0, 0.0, 0.0, 0.0, 0.0, 0.0, 0.0, 0.0, 0.0, 0.0, 0.0]",0.0,0.0,0.0
20200102055743,"[1.64, 3.92, 8.7, 9.66, 10.8, 12.0, 13.4, 0.64, 0.81, 6.25, 7.35]","[1.080615, 0.438497, 44.027752, 39.329823, 75.18196, 86.65574, 74.09325, 1.126255, 1.430334, 3.128815, 13.448919]","[1.778624, 0.234505, 15.008108, 11.540525, 22.134733, 23.796108, 15.509349, 1.987774, 2.496164, 1.053366, 4.209296]","[17.384342, 3.556224, 74.652405, 62.376545, 116.05019, 130.05202, 99.13474, 20.28078, 21.956844, 6.987213, 23.173182]","[0.0, 0.0, 2.154653, 8.732716, 5.535963, 8.447824, 15.287869, 0.0, 0.0, 0.216271, 0.695195]","[3565259.0, 3565259.0, 3565259.0, 3565259.0, 3565259.0, 3565259.0, 3565259.0, 3565259.0, 3565259.0, 3565259.0, 3565259.0]","[0.0, 0.0, 0.0, 0.0, 0.0, 0.0, 0.0, 0.0, 0.0, 0.0, 0.0]",0.0,0.0,0.0
20200102065744,"[1.64, 3.92, 8.7, 9.66, 10.8, 12.0, 13.4, 0.64, 0.81, 6.25, 7.35]","[1.470342, 0.46837, 44.750774, 39.817204, 76.25174, 87.6516, 74.53566, 1.498323, 1.924752, 3.133834, 13.488065]","[1.940724, 0.247731, 15.315404, 11.815411, 22.56574, 24.154284, 15.599403, 2.184744, 2.756259, 1.051782, 4.201942]","[17.31462, 3.26719, 83.39776, 68.09439, 127.73723, 143.16838, 103.07491, 20.28078, 25.630234, 6.879078, 23.32767]","[0.0, 0.0, 2.534886, 8.836678, 6.561142, 9.559381, 16.548725, 0.0, 0.0, 0.207953, 0.811061]","[3565259.0, 3565259.0, 3565259.0, 3565259.0, 3565259.0, 3565259.0, 3565259.0, 3565259.0, 3565259.0, 3565259.0, 3565259.0]","[0.0, 0.0, 0.0, 0.0, 0.0, 0.0, 0.0, 0.0, 0.0, 0.0, 0.0]",0.0,0.0,0.0
20200102075743,"[1.64, 3.92, 8.7, 9.66, 10.8, 12.0, 13.4, 0.64, 0.81, 6.25, 7.35]","[1.957761, 0.509498, 45.67245, 40.454197, 77.64922, 89.0601, 75.01783, 1.941615, 2.511808, 3.141901, 13.539634]","[2.215659, 0.276316, 15.719757, 12.199205, 23.173359, 24.731268, 15.763479, 2.399368, 3.03415, 1.051521, 4.210352]","[17.151932, 3.556224, 92.39661, 72.25283, 142.90987, 158.06322, 107.96073, 20.28078, 25.379776, 6.945624, 23.598022]","[0.0, 0.0, 2.66163, 8.836678, 7.176248, 10.670936, 16.863937, 0.0, 0.0, 0.241225, 0.888305]","[3565259.0, 3565259.0, 3565259.0, 3565259.0, 3565259.0, 3565259.0, 3565259.0, 3565259.0, 3565259.0, 3565259.0, 3565259.0]","[0.0, 0.0, 0.0, 0.0, 0.0, 0.0, 0.0, 0.0, 0.0, 0.0, 0.0]",0.0,0.0,0.0
20200102085743,"[1.64, 3.92, 8.7, 9.66, 10.8, 12.0, 13.4, 0.64, 0.81, 6.25, 7.35]","[2.509796, 0.560817, 46.71704, 41.1611, 79.14377, 90.51654, 75.6059, 2.453016, 3.173115, 3.147804, 13.599484]","[2.5122, 0.315067, 16.245949, 12.662696, 23.95329, 25.48409, 16.020542, 2.579982, 3.276395, 1.050813, 4.231309]","[17.895647, 3.556224, 102.40941, 76.20335, 156.8523, 170.95728, 112.373726, 20.28078, 26.15898, 7.020486, 26.49467]","[0.0, 0.0, 2.534886, 8.732716, 6.766176, 10.004003, 16.706333, 0.0, 0.0, 0.216271, 0.617952]","[3565259.0, 3565259.0, 3565259.0, 3565259.0, 3565259.0, 3565259.0, 3565259.0, 3565259.0, 3565259.0, 3565259.0, 3565259.0]","[0.0, 0.0, 0.0, 0.0, 0.0, 0.0, 0.0, 0.0, 0.0, 0.0, 0.0]",0.0,0.0,0.0
20200102095744,"[1.64, 3.92, 8.7, 9.66, 10.8, 12.0, 13.4, 0.64, 0.81, 6.25, 7.35]","[3.124596, 0.619436, 47.633987, 41.754917, 80.508446, 91.75597, 76.12036, 3.053758, 3.939906, 3.149771, 13.637225]","[2.781874, 0.354163, 16.810537, 13.1149, 24.8231, 26.309713, 16.3247, 2.748662, 3.504599, 1.049568, 4.258546]","[16.989244, 3.556224, 110.14081, 81.19347, 167.10408, 181.4059, 115.99868, 20.28078, 25.04583, 7.070394, 28.657501]","[0.0, 0.0, 2.534886, 8.732716, 6.766176, 10.226314, 16.863937, 0.0, 0.0, 0.232907, 0.656574]","[3565259.0, 3565259.0, 3565259.0, 3565259.0, 3565259.0, 3565259.0, 3565259.0, 3565259.0, 3565259.0, 3565259.0, 3565259.0]","[0.0, 0.0, 0.0, 0.0, 0.0, 0.0, 0.0, 0.0, 0.0, 0.0, 0.0]",0.0,0.0,0.0
20200102105743,"[1.64, 3.92, 8.7, 9.66, 10.8, 12.0, 13.4, 0.64, 0.81, 6.25, 7.35]","[3.514084, 0.674539, 48.31543, 42.208035, 81.456, 92.673225, 76.44419, 3.49011, 4.47556, 3.148818, 13.661137]","[2.896558, 0.380696, 17.277136, 13.476754, 25.533474, 27.044851, 16.629297, 2.854679, 3.64184, 1.050121, 4.296636]","[13.29391, 3.556224, 114.83035, 84.41626, 173.46017, 188.07523, 118.362785, 20.28078, 23.98834, 7.028804, 29.661673]","[0.0, 0.0, 2.408142, 8.732716, 6.356106, 9.33707, 16.233513, 0.0, 0.0, 0.216271, 0.77244]","[3565259.0, 3565259.0, 3565259.0, 3565259.0, 3565259.0, 3565259.0, 3565259.0, 3565259.0, 3565259.0, 3565259.0, 3565259.0]","[0.0, 0.0, 0.0, 0.0, 0.0, 0.0, 0.0, 0.0, 0.0, 0.0, 0.0]",0.0,0.0,0.0
20200102115743,"[1.64, 3.92, 8.7, 9.66, 10.8, 12.0, 13.4, 0.64, 0.81, 6.25, 7.35]","[3.607593, 0.698712, 48.62167, 42.41381, 81.82881, 93.12166, 76.55857, 3.624447, 4.640364, 3.144494, 13.652366]","[2.850404, 0.38757, 17.562756, 13.684737, 25.969917, 27.564978, 16.902447, 2.850075, 3.640705, 1.052998, 4.338534]","[13.967901, 3.556224, 117.238495, 85.455864, 174.48535, 189.63141, 119.15082, 20.28078, 24.127483, 6.987213, 29.23683]","[0.0, 0.0, 2.027909, 8.732716, 5.740999, 9.114757, 15.603084, 0.0, 0.0, 0.17468, 0.733818]","[3565259.0, 3565259.0, 3565259.0, 3565259.0, 3565259.0, 3565259.0, 3565259.0, 3565259.0, 3565259.0, 3565259.0, 3565259.0]","[0.0, 0.0, 0.0, 0.0, 0.0, 0.0, 0.0, 0.0, 0.0, 0.0, 0.0]",0.0,0.0,0.0
20200102135743,"[1.64, 3.92, 8.7, 9.66, 10.8, 12.0, 13.4, 0.64, 0.81, 6.25, 7.35]","[2.938392, 0.627204, 47.913124, 41.97937, 80.751656, 92.114456, 76.035706, 3.173989, 4.009117, 3.124628, 13.575854]","[2.454291, 0.336878, 17.373299, 13.530388, 25.780386, 27.570595, 17.236895, 2.845754, 3.564342, 1.063941, 4.434964]","[14.014384, 3.556224, 108.87337, 80.98554, 163.8235, 176.51505, 115.84107, 20.28078, 23.877026, 6.87076, 26.26294]","[0.0, 0.0, 1.901164, 8.732716, 5.330927, 8.225512, 14.342229, 0.0, 0.0, 0.166362, 0.502086]","[3565259.0, 3565259.0, 3565259.0, 3565259.0, 3565259.0, 3565259.0, 3565259.0, 3565259.0, 3565259.0, 3565259.0, 3565259.0]","[0.0, 0.0, 0.0, 0.0, 0.0, 0.0, 0.0, 0.0, 0.0, 0.0, 0.0]",0.0,0.0,0.0
20200102145743,"[1.64, 3.92, 8.7, 9.66, 10.8, 12.0, 13.4, 0.64, 0.81, 6.25, 7.35]","[2.238084, 0.567574, 47.153564, 41.487324, 79.622795, 90.98003, 75.60356, 2.518314, 3.151616, 3.11385, 13.512171]","[2.0773, 0.299985, 17.023758, 13.243377, 25.292322, 27.15093, 17.272303, 2.630481, 3.296257, 1.069248, 4.46924]","[12.643159, 3.406219, 100.12801, 76.61919, 155.212, 165.84412, 112.05851, 18.61158, 22.26296, 6.82917, 24.486328]","[0.0, 0.0, 1.901164, 8.420834, 5.740999, 8.892446, 14.499835, 0.0, 0.0, 0.13309, 0.656574]","[3565259.0, 3565259.0, 3565259.0, 3565259.0, 3565259.0, 3565259.0, 3565259.0, 3565259.0, 3565259.0, 3565259.0, 3565259.0]","[0.0, 0.0, 0.0, 0.0, 0.0, 0.0, 0.0, 0.0, 0.0, 0.0, 0.0]",0.0,0.0,0.0
20200102155744,"[1.64, 3.92, 8.7, 9.66, 10.8, 12.0, 13.4, 0.64, 0.81, 6.25, 7.35]","[1.641489, 0.517539, 46.284935, 40.92635, 78.33969, 89.61873, 75.07294, 1.995901, 2.453888, 3.10427, 13.437222]","[1.806078, 0.269381, 16.64514, 12.909448, 24.750204, 26.628853, 17.21119, 2.497541, 3.12869, 1.073004, 4.484308]","[11.574068, 3.537931, 90.622185, 72.66867, 143.1149, 154.95087, 108.11834, 18.15255, 21.817701, 6.787578, 24.447706]","[0.0, 0.0, 1.901164, 8.524796, 5.330927, 8.447824, 14.342229, 0.0, 0.0, 0.158044, 0.57933]","[3565259.0, 3565259.0, 3565259.0, 3565259.0, 3565259.0, 3565259.0, 3565259.0, 3565259.0, 3565259.0, 3565259.0, 3565259.0]","[0.0, 0.0, 0.0, 0.0, 0.0, 0.0, 0.0, 0.0, 0.0, 0.0, 0.0]",0.0,0.0,0.0
20200102165743,"[1.64, 3.92, 8.7, 9.66, 10.8, 12.0, 13.4, 0.64, 0.81, 6.25, 7.35]","[1.221392, 0.47956, 45.492874, 40.42741, 77.19226, 88.53584, 74.56811, 1.559056, 1.89867, 3.095371, 13.375193]","[1.679739, 0.248626, 16.344017, 12.632036, 24.311829, 26.224531, 17.10061, 2.376284, 2.995625, 1.074044, 4.488162]","[12.24806, 2.590336, 84.158226, 67.574585, 146.19043, 157.6186, 103.54774, 17.19276, 20.955011, 6.77926, 24.022865]","[0.0, 0.0, 2.154653, 8.732716, 5.740999, 8.892446, 14.972655, 0.0, 0.0, 0.116454, 0.540708]","[3565259.0, 3565259.0, 3565259.0, 3565259.0, 3565259.0, 3565259.0, 3565259.0, 3565259.0, 3565259.0, 3565259.0, 3565259.0]","[0.0, 0.0, 0.0, 0.0, 0.0, 0.0, 0.0, 0.0, 0.0, 0.0, 0.0]",0.0,0.0,0.0
20200102175744,"[1.64, 3.92, 8.7, 9.66, 10.8, 12.0, 13.4, 0.64, 0.81, 6.25, 7.35]","[0.972534, 0.455448, 44.951077, 40.05563, 76.38035, 87.71271, 74.23984, 1.231275, 1.511257, 3.090756, 13.339112]","[1.654535, 0.236447, 16.116648, 12.40705, 23.96882, 25.877777, 16.965725, 2.229339, 2.83787, 1.073047, 4.481006]","[11.225451, 3.259872, 81.75008, 63.00031, 142.90987, 154.06163, 101.656456, 17.23449, 21.261127, 6.65449, 23.520779]","[0.0, 0.0, 1.77442, 8.420834, 5.535963, 8.670135, 14.657441, 0.0, 0.0, 0.149726, 0.57933]","[3565259.0, 3565259.0, 3565259.0, 3565259.0, 3565259.0, 3565259.0, 3565259.0, 3565259.0, 3565259.0, 3565259.0, 3565259.0]","[0.0, 0.0, 0.0, 0.0, 0.0, 0.0, 0.0, 0.0, 0.0, 0.0, 0.0]",0.0,0.0,0.0
20200102185743,"[1.64, 3.92, 8.7, 9.66, 10.8, 12.0, 13.4, 0.64, 0.81, 6.25, 7.35]","[0.814577, 0.440569, 44.5563, 39.818233, 75.81718, 87.25261, 74.06091, 0.967213, 1.2133, 3.086464, 13.315398]","[1.667581, 0.231292, 15.962145, 12.262957, 23.741732, 25.674713, 16.8602, 2.032466, 2.618844, 1.070647, 4.467431]","[17.500547, 3.530614, 73.76519, 63.104275, 128.35233, 141.6122, 99.60757, 20.28078, 25.602406, 6.571308, 23.32767]","[0.0, 0.0, 1.901164, 8.628756, 5.535963, 8.225512, 14.342229, 0.0, 0.0, 0.158044, 0.617952]","[3565259.0, 3565259.0, 3565259.0, 3565259.0, 3565259.0, 3565259.0, 3565259.0, 3565259.0, 3565259.0, 3565259.0, 3565259.0]","[0.0, 0.0, 0.0, 0.0, 0.0, 0.0, 0.0, 0.0, 0.0, 0.0, 0.0]",0.0,0.0,0.0
20200102195743,"[1.64, 3.92, 8.7, 9.66, 10.8, 12.0, 13.4, 0.64, 0.81, 6.25, 7.35]","[0.665526, 0.429849, 44.35247, 39.65943, 75.47506, 86.89457, 73.95245, 0.715355, 0.925254, 3.085564, 13.311986]","[1.656398, 0.22957, 15.820031, 12.131405, 23.503542, 25.418592, 16.719378, 1.773971, 2.328236, 1.066637, 4.443238]","[17.895647, 3.556224, 70.343094, 62.89635, 117.2804, 130.71895, 99.29235, 20.28078, 27.049498, 6.546354, 23.289047]","[0.0, 0.0, 1.901164, 8.940638, 5.125892, 8.225512, 14.342229, 0.0, 0.0, 0.158044, 0.540708]","[3565259.0, 3565259.0, 3565259.0, 3565259.0, 3565259.0, 3565259.0, 3565259.0, 3565259.0, 3565259.0, 3565259.0, 3565259.0]","[0.0, 0.0, 0.0, 0.0, 0.0, 0.0, 0.0, 0.0, 0.0, 0.0, 0.0]",0.0,0.0,0.0
20200102205744,"[1.64, 3.92, 8.7, 9.66, 10.8, 12.0, 13.4, 0.64, 0.81, 6.25, 7.35]","[0.5054, 0.418895, 44.148792, 39.543507, 75.25741, 86.682304, 73.89348, 0.476369, 0.642334, 3.083788, 13.299098]","[1.66395, 0.23421, 15.678604, 12.015995, 23.308695, 25.213371, 16.589586, 1.535168, 2.07688, 1.061819, 4.411772]","[18.59288, 3.556224, 69.2024, 63.104275, 111.33437, 126.49505, 98.977135, 20.28078, 26.54858, 6.546354, 23.250425]","[0.0, 0.0, 1.901164, 8.524796, 5.535963, 8.003202, 14.184621, 0.0, 0.0, 0.158044, 0.617952]","[3565259.0, 3565259.0, 3565259.0, 3565259.0, 3565259.0, 3565259.0, 3565259.0, 3565259.0, 3565259.0, 3565259.0, 3565259.0]","[0.0, 0.0, 0.0, 0.0, 0.0, 0.0, 0.0, 0.0, 0.0, 0.0, 0.0]",0.0,0.0,0.0
20200102215743,"[1.64, 3.92, 8.7, 9.66, 10.8, 12.0, 13.4, 0.64, 0.81, 6.25, 7.35]","[0.366121, 0.408914, 43.974228, 39.398003, 74.99388, 86.39311, 73.88049, 0.306704, 0.435036, 3.082, 13.295604]","[1.795343, 0.26597, 15.583745, 11.927849, 23.148642, 25.030455, 16.490004, 1.52884, 2.144435, 1.057037, 4.387526]","[19.42956, 3.556224, 69.2024, 63.104275, 110.71926, 124.49424, 99.29235, 20.28078, 27.049498, 6.554672, 23.32767]","[0.0, 0.0, 1.901164, 8.420834, 5.535963, 8.225512, 14.342229, 0.0, 0.0, 0.17468, 0.656574]","[3565260.0, 3565259.0, 3565259.0, 3565259.0, 3565259.0, 3565259.0, 3565259.0, 3565259.0, 3565259.0, 3565259.0, 3565259.0]","[1.0, 0.0, 0.0, 0.0, 0.0, 0.0, 0.0, 0.0, 0.0, 0.0, 0.0]",1.0,6.597682007350557e-07,0.2874797872880345
20200102225743,"[1.64, 3.92, 8.7, 9.66, 10.8, 12.0, 13.4, 0.64, 0.81, 6.25, 7.35]","[0.212062, 0.393576, 43.811386, 39.27503, 74.796646, 86.2621, 73.81601, 0.159145, 0.249235, 3.079628, 13.288872]","[1.535223, 0.25918, 15.487862, 11.858208, 22.999744, 24.886644, 16.376432, 1.241398, 1.888642, 1.052659, 4.361922]","[18.755568, 3.556224, 69.2024, 63.00031, 110.51423, 124.04963, 99.13474, 20.28078, 27.049498, 6.621217, 23.443535]","[0.0, 0.0, 1.901164, 8.420834, 5.330927, 8.225512, 14.184621, 0.0, 0.0, 0.141408, 0.57933]","[3565261.0, 3565260.0, 3565259.0, 3565259.0, 3565259.0, 3565259.0, 3565259.0, 3565265.0, 3565267.0, 3565259.0, 3565259.0]","[2.0, 1.0, 0.0, 0.0, 0.0, 0.0, 0.0, 6.0, 8.0, 0.0, 0.0]",17.0,1.1216059412495947e-05,2.6752616308294837
20200102235744,"[1.64, 3.92, 8.7, 9.66, 10.8, 12.0, 13.4, 0.64, 0.81, 6.25, 7.35]","[0.113768, 0.381355, 43.640556, 39.14828, 74.595215, 86.09168, 73.71326, 0.06892, 0.127065, 3.075656, 13.278326]","[1.130732, 0.236031, 15.392918, 11.794925, 22.860373, 24.73599, 16.263288, 0.752719, 1.33491, 1.0481, 4.33697]","[18.918255, 3.556224, 69.45589, 63.208233, 110.51423, 124.271935, 99.76517, 20.28078, 27.049498, 6.629534, 23.366293]","[0.0, 0.0, 1.901164, 8.316874, 5.330927, 8.225512, 14.027015, 0.0, 0.0, 0.149726, 0.540708]","[3565259.0, 3565259.0, 3565259.0, 3565259.0, 3565259.0, 3565259.0, 3565259.0, 3565259.0, 3565259.0, 3565259.0, 3565259.0]","[0.0, 0.0, 0.0, 0.0, 0.0, 0.0, 0.0, 0.0, 0.0, 0.0, 0.0]",0.0,0.0,0.0
20200128005744,"[1.64, 3.92, 8.7, 9.66, 10.8, 12.0, 13.4, 0.64, 0.81, 6.25, 7.35]","[0.064022, 0.374897, 43.51272, 39.512497, 74.51489, 86.19619, 74.75493, 0.045094, 0.085837, 3.04142, 13.458736]","[0.774439, 0.226124, 15.449093, 12.177776, 22.8394, 24.713013, 16.655611, 0.523401, 0.90296, 0.959547, 4.46053]","[18.987978, 3.534272, 68.315186, 61.4409, 108.87394, 122.71575, 99.44996, 20.28078, 26.576408, 7.245075, 26.610537]","[0.0, 0.0, 2.154653, 9.356482, 6.356106, 9.559381, 16.075905, 0.0, 0.0, 0.216271, 0.656574]","[3565259.0, 3565259.0, 3565259.0, 3565259.0, 3565259.0, 3565259.0, 3565259.0, 3565259.0, 3565259.0, 3565259.0, 3565259.0]","[0.0, 0.0, 0.0, 0.0, 0.0, 0.0, 0.0, 0.0, 0.0, 0.0, 0.0]",0.0,0.0,0.0
20200128015743,"[1.64, 3.92, 8.7, 9.66, 10.8, 12.0, 13.4, 0.64, 0.81, 6.25, 7.35]","[0.210466, 0.380221, 43.36072, 39.39414, 74.313515, 85.97957, 74.68143, 0.169047, 0.251858, 3.038218, 13.439931]","[1.472248, 0.233052, 15.306481, 12.072257, 22.626654, 24.479164, 16.514174, 1.224174, 1.781666, 0.950661, 4.424446]","[17.988611, 3.281824, 68.69542, 61.75278, 109.284004, 122.71575, 99.60757, 20.28078, 25.825035, 7.145258, 26.456047]","[0.0, 0.0, 2.915119, 9.564404, 7.586319, 10.893247, 18.124794, 0.0, 0.0, 0.274498, 0.926927]","[3565259.0, 3565259.0, 3565259.0, 3565259.0, 3565259.0, 3565259.0, 3565259.0, 3565259.0, 3565259.0, 3565259.0, 3565259.0]","[0.0, 0.0, 0.0, 0.0, 0.0, 0.0, 0.0, 0.0, 0.0, 0.0, 0.0]",0.0,0.0,0.0
20200128025743,"[1.64, 3.92, 8.7, 9.66, 10.8, 12.0, 13.4, 0.64, 0.81, 6.25, 7.35]","[0.464254, 0.398027, 43.25242, 39.31517, 74.169, 85.82962, 74.63027, 0.417321, 0.562813, 3.035073, 13.438857]","[2.0678, 0.273774, 15.164134, 11.970121, 22.406652, 24.232035, 16.356411, 1.868593, 2.488796, 0.942142, 4.391366]","[18.313986, 3.344022, 67.80821, 61.02505, 108.463875, 122.49345, 99.60757, 20.28078, 27.049498, 6.945624, 26.224318]","[0.0, 0.0, 2.788374, 9.356482, 7.176248, 10.670936, 16.706333, 0.0, 0.0, 0.249543, 0.926927]","[3565259.0, 3565259.0, 3565259.0, 3565259.0, 3565259.0, 3565259.0, 3565259.0, 3565259.0, 3565259.0, 3565259.0, 3565259.0]","[0.0, 0.0, 0.0, 0.0, 0.0, 0.0, 0.0, 0.0, 0.0, 0.0, 0.0]",0.0,0.0,0.0
20200128035744,"[1.64, 3.92, 8.7, 9.66, 10.8, 12.0, 13.4, 0.64, 0.81, 6.25, 7.35]","[0.684208, 0.412799, 43.184685, 39.2298, 74.0734, 85.730705, 74.61214, 0.663988, 0.846715, 3.033314, 13.429913]","[2.161405, 0.28939, 15.081342, 11.888045, 22.273746, 24.07936, 16.25616, 2.048738, 2.605419, 0.935436, 4.364424]","[17.988611, 3.256214, 67.93495, 60.921093, 108.463875, 122.04882, 99.44996, 20.28078, 26.270294, 6.904032, 25.992584]","[0.0, 0.0, 2.408142, 9.460443, 6.561142, 10.448625, 16.706333, 0.0, 0.0, 0.216271, 0.733818]","[3565259.0, 3565259.0, 3565259.0, 3565259.0, 3565259.0, 3565259.0, 3565259.0, 3565259.0, 3565259.0, 3565259.0, 3565259.0]","[0.0, 0.0, 0.0, 0.0, 0.0, 0.0, 0.0, 0.0, 0.0, 0.0, 0.0]",0.0,0.0,0.0
20200128045743,"[1.64, 3.92, 8.7, 9.66, 10.8, 12.0, 13.4, 0.64, 0.81, 6.25, 7.35]","[0.853107, 0.421539, 43.320583, 39.299767, 74.2993, 85.97922, 74.71873, 0.885525, 1.11037, 3.030083, 13.439442]","[1.901561, 0.259643, 15.041803, 11.854368, 22.222122, 24.023378, 16.197748, 1.971663, 2.457207, 0.928924, 4.34465]","[18.662603, 3.479392, 76.9338, 60.921093, 108.87394, 122.71575, 98.81953, 20.28078, 27.049498, 6.904032, 25.760853]","[0.0, 0.0, 2.66163, 9.460443, 7.381284, 10.448625, 17.021545, 0.0, 0.0, 0.26618, 0.888305]","[3565272.0, 3565259.0, 3565259.0, 3565259.0, 3565259.0, 3565259.0, 3565259.0, 3565271.0, 3565297.0, 3565259.0, 3565259.0]","[13.0, 0.0, 0.0, 0.0, 0.0, 0.0, 0.0, 12.0, 38.0, 0.0, 0.0]",63.0,4.156539664630851e-05,11.266127100060196
20200128055744,"[1.64, 3.92, 8.7, 9.66, 10.8, 12.0, 13.4, 0.64, 0.81, 6.25, 7.35]","[1.112325, 0.438642, 43.84292, 39.616966, 75.078156, 86.77563, 75.01825, 1.173874, 1.486042, 3.03302, 13.46297]","[1.840653, 0.239182, 15.176056, 11.972761, 22.448448, 24.27424, 16.266024, 2.09012, 2.598122, 0.924696, 4.335668]","[17.616753, 3.23792, 70.46984, 61.02505, 111.94948, 127.82891, 99.76517, 20.28078, 26.409437, 6.754307, 25.606365]","[0.0, 0.0, 2.66163, 9.356482, 6.766176, 9.559381, 17.809582, 0.0, 0.0, 0.257862, 0.656574]","[3565259.0, 3565259.0, 3565259.0, 3565259.0, 3565259.0, 3565259.0, 3565259.0, 3565259.0, 3565259.0, 3565259.0, 3565259.0]","[0.0, 0.0, 0.0, 0.0, 0.0, 0.0, 0.0, 0.0, 0.0, 0.0, 0.0]",0.0,0.0,0.0
20200128065743,"[1.64, 3.92, 8.7, 9.66, 10.8, 12.0, 13.4, 0.64, 0.81, 6.25, 7.35]","[1.5098, 0.470306, 44.702885, 40.173134, 76.397606, 88.06353, 75.53891, 1.55812, 1.992765, 3.035278, 13.517118]","[2.019352, 0.247587, 15.560802, 12.306493, 23.097603, 24.949564, 16.504623, 2.306834, 2.875671, 0.921774, 4.345762]","[16.733591, 2.44399, 80.73613, 64.871605, 125.48183, 140.72296, 104.49338, 20.28078, 25.49109, 6.621217, 25.4905]","[0.0, 0.0, 2.66163, 9.460443, 7.176248, 10.448625, 17.651974, 0.0, 0.0, 0.299452, 0.965549]","[3565259.0, 3565259.0, 3565259.0, 3565259.0, 3565259.0, 3565259.0, 3565259.0, 3565259.0, 3565259.0, 3565259.0, 3565259.0]","[0.0, 0.0, 0.0, 0.0, 0.0, 0.0, 0.0, 0.0, 0.0, 0.0, 0.0]",0.0,0.0,0.0
20200128075743,"[1.64, 3.92, 8.7, 9.66, 10.8, 12.0, 13.4, 0.64, 0.81, 6.25, 7.35]","[2.025349, 0.517173, 45.837612, 40.916992, 78.119965, 89.76273, 76.199295, 2.033867, 2.618096, 3.037395, 13.566712]","[2.313161, 0.284283, 16.225248, 12.852782, 24.197063, 26.087267, 16.906057, 2.529321, 3.162642, 0.920215, 4.366816]","[13.52632, 3.234262, 91.38265, 71.21322, 141.47461, 157.6186, 110.32484, 19.049746, 23.069992, 6.621217, 25.992584]","[0.0, 0.0, 2.788374, 9.460443, 6.971212, 10.226314, 17.967186, 0.0, 0.0, 0.282816, 0.926927]","[3565259.0, 3565259.0, 3565259.0, 3565259.0, 3565259.0, 3565259.0, 3565259.0, 3565259.0, 3565259.0, 3565259.0, 3565259.0]","[0.0, 0.0, 0.0, 0.0, 0.0, 0.0, 0.0, 0.0, 0.0, 0.0, 0.0]",0.0,0.0,0.0
20200128085744,"[1.64, 3.92, 8.7, 9.66, 10.8, 12.0, 13.4, 0.64, 0.81, 6.25, 7.35]","[2.607906, 0.575263, 47.078674, 41.752304, 79.97358, 91.6131, 76.86597, 2.577098, 3.316645, 3.043162, 13.620525]","[2.634423, 0.33809, 17.092115, 13.534788, 25.589264, 27.50459, 17.373203, 2.705346, 3.40231, 0.919665, 4.398042]","[17.244896, 3.358656, 103.04313, 76.93107, 157.87747, 174.29193, 115.683464, 20.28078, 24.544914, 6.538036, 26.571915]","[0.0, 0.0, 2.788374, 9.356482, 6.971212, 10.004003, 17.967186, 0.0, 0.0, 0.241225, 0.888305]","[3565259.0, 3565259.0, 3565259.0, 3565259.0, 3565259.0, 3565259.0, 3565259.0, 3565259.0, 3565259.0, 3565259.0, 3565259.0]","[0.0, 0.0, 0.0, 0.0, 0.0, 0.0, 0.0, 0.0, 0.0, 0.0, 0.0]",0.0,0.0,0.0
20200128095743,"[1.64, 3.92, 8.7, 9.66, 10.8, 12.0, 13.4, 0.64, 0.81, 6.25, 7.35]","[3.265416, 0.644187, 48.24071, 42.515453, 81.659096, 93.25952, 77.477844, 3.20594, 4.121086, 3.047688, 13.681155]","[2.937811, 0.396014, 17.995485, 14.203677, 26.993164, 28.900888, 17.824692, 2.837368, 3.599106, 0.918867, 4.432435]","[17.430824, 3.23792, 116.22454, 83.584564, 171.20479, 177.4043, 120.41168, 20.28078, 26.632067, 6.5214, 26.803646]","[0.0, 0.0, 2.915119, 9.356482, 6.971212, 10.004003, 18.597614, 0.0, 0.0, 0.291134, 0.926927]","[3565259.0, 3565259.0, 3565259.0, 3565259.0, 3565259.0, 3565259.0, 3565259.0, 3565259.0, 3565259.0, 3565259.0, 3565259.0]","[0.0, 0.0, 0.0, 0.0, 0.0, 0.0, 0.0, 0.0, 0.0, 0.0, 0.0]",0.0,0.0,0.0
20200128105744,"[1.64, 3.92, 8.7, 9.66, 10.8, 12.0, 13.4, 0.64, 0.81, 6.25, 7.35]","[3.71055, 0.716841, 49.15085, 43.12772, 82.983475, 94.51611, 77.95525, 3.666654, 4.69784, 3.048297, 13.715487]","[3.032493, 0.442742, 18.743454, 14.746137, 28.140676, 30.000984, 18.199102, 2.851925, 3.632868, 0.917283, 4.459951]","[15.315885, 3.40256, 121.42106, 87.2232, 176.12564, 177.6266, 122.61817, 20.28078, 24.739716, 6.513082, 27.305733]","[0.0, 0.0, 2.66163, 9.356482, 6.766176, 10.226314, 18.597614, 0.0, 0.0, 0.282816, 0.926927]","[3565259.0, 3565259.0, 3565259.0, 3565259.0, 3565259.0, 3565259.0, 3565259.0, 3565259.0, 3565259.0, 3565259.0, 3565259.0]","[0.0, 0.0, 0.0, 0.0, 0.0, 0.0, 0.0, 0.0, 0.0, 0.0, 0.0]",0.0,0.0,0.0
20200128115743,"[1.64, 3.92, 8.7, 9.66, 10.8, 12.0, 13.4, 0.64, 0.81, 6.25, 7.35]","[3.892078, 0.756287, 49.607235, 43.478283, 83.60265, 95.10468, 78.20977, 3.865324, 4.951754, 3.049187, 13.727397]","[2.991279, 0.463688, 19.190762, 15.071607, 28.816319, 30.657686, 18.480213, 2.799294, 3.583474, 0.917103, 4.490197]","[15.199679, 3.274507, 122.688484, 88.88657, 176.53572, 177.4043, 123.72142, 20.28078, 24.684057, 6.488127, 27.576086]","[0.0, 0.003659, 2.66163, 9.460443, 6.766176, 10.226314, 17.336758, 0.0, 0.0, 0.249543, 0.811061]","[3565259.0, 3565259.0, 3565259.0, 3565259.0, 3565259.0, 3565259.0, 3565259.0, 3565259.0, 3565259.0, 3565259.0, 3565259.0]","[0.0, 0.0, 0.0, 0.0, 0.0, 0.0, 0.0, 0.0, 0.0, 0.0, 0.0]",0.0,0.0,0.0
20200128125743,"[1.64, 3.92, 8.7, 9.66, 10.8, 12.0, 13.4, 0.64, 0.81, 6.25, 7.35]","[3.688819, 0.740843, 49.550243, 43.436974, 83.484024, 94.97084, 78.04643, 3.738819, 4.775638, 3.044998, 13.711229]","[2.821336, 0.450076, 19.181112, 15.057799, 28.827784, 30.701616, 18.550966, 2.765421, 3.525627, 0.918669, 4.514315]","[14.920787, 3.391584, 122.941986, 88.054886, 176.53572, 177.6266, 123.72142, 20.28078, 24.405771, 6.379992, 28.503014]","[0.0, 0.003659, 2.788374, 9.564404, 7.381284, 10.893247, 17.967186, 0.0, 0.0, 0.166362, 0.77244]","[3565259.0, 3565259.0, 3565259.0, 3565259.0, 3565259.0, 3565259.0, 3565259.0, 3565259.0, 3565259.0, 3565259.0, 3565259.0]","[0.0, 0.0, 0.0, 0.0, 0.0, 0.0, 0.0, 0.0, 0.0, 0.0, 0.0]",0.0,0.0,0.0
20200128135744,"[1.64, 3.92, 8.7, 9.66, 10.8, 12.0, 13.4, 0.64, 0.81, 6.25, 7.35]","[3.204403, 0.681934, 48.99676, 43.10382, 82.676094, 94.154495, 77.74671, 3.358377, 4.265799, 3.04129, 13.666683]","[2.578143, 0.406952, 18.754429, 14.768206, 28.223297, 30.14038, 18.45429, 2.762184, 3.480262, 0.921039, 4.52653]","[12.805846, 3.373291, 117.745476, 85.455864, 172.84508, 176.73737, 121.0421, 20.28078, 23.710052, 6.280174, 27.691952]","[0.0, 0.0, 3.168608, 9.668365, 7.996392, 12.227113, 19.070435, 0.0, 0.0, 0.299452, 0.965549]","[3565259.0, 3565259.0, 3565259.0, 3565259.0, 3565259.0, 3565259.0, 3565259.0, 3565259.0, 3565259.0, 3565259.0, 3565259.0]","[0.0, 0.0, 0.0, 0.0, 0.0, 0.0, 0.0, 0.0, 0.0, 0.0, 0.0]",0.0,0.0,0.0
20200128145743,"[1.64, 3.92, 8.7, 9.66, 10.8, 12.0, 13.4, 0.64, 0.81, 6.25, 7.35]","[2.498249, 0.608938, 48.16198, 42.557564, 81.42871, 92.94682, 77.24367, 2.696142, 3.408481, 3.033387, 13.60984]","[2.221866, 0.352491, 18.084818, 14.283794, 27.212803, 29.169409, 18.195667, 2.598162, 3.268167, 0.92177, 4.525171]","[12.387506, 3.464758, 106.33848, 80.777626, 162.18321, 177.18199, 117.57475, 19.78002, 23.12565, 6.263538, 26.958134]","[0.0, 0.0, 2.154653, 9.564404, 6.561142, 10.893247, 16.863937, 0.0, 0.0, 0.166362, 0.77244]","[3565259.0, 3565259.0, 3565259.0, 3565259.0, 3565259.0, 3565259.0, 3565259.0, 3565259.0, 3565259.0, 3565259.0, 3565259.0]","[0.0, 0.0, 0.0, 0.0, 0.0, 0.0, 0.0, 0.0, 0.0, 0.0, 0.0]",0.0,0.0,0.0
20200128155744,"[1.64, 3.92, 8.7, 9.66, 10.8, 12.0, 13.4, 0.64, 0.81, 6.25, 7.35]","[1.821506, 0.548647, 47.15055, 41.90309, 79.96339, 91.505226, 76.69798, 2.125172, 2.638061, 3.028086, 13.548552]","[1.889192, 0.302723, 17.352877, 13.730701, 26.075436, 28.040756, 17.866798, 2.478893, 3.108569, 0.922066, 4.516281]","[11.38814, 3.442806, 96.19894, 77.76276, 149.26596, 164.06563, 113.16176, 19.028881, 22.402103, 6.305128, 26.378805]","[0.0, 0.0, 2.154653, 9.356482, 6.15107, 9.33707, 15.287869, 0.0, 0.0, 0.149726, 0.695195]","[3565259.0, 3565259.0, 3565259.0, 3565259.0, 3565259.0, 3565259.0, 3565259.0, 3565259.0, 3565259.0, 3565259.0, 3565259.0]","[0.0, 0.0, 0.0, 0.0, 0.0, 0.0, 0.0, 0.0, 0.0, 0.0, 0.0]",0.0,0.0,0.0
20200128165743,"[1.64, 3.92, 8.7, 9.66, 10.8, 12.0, 13.4, 0.64, 0.81, 6.25, 7.35]","[1.375947, 0.505648, 46.2184, 41.28034, 78.57358, 90.18592, 76.20127, 1.688592, 2.072851, 3.02524, 13.502237]","[1.739422, 0.273466, 16.67151, 13.192701, 24.961979, 26.923042, 17.479609, 2.349656, 2.966125, 0.920646, 4.491834]","[13.572803, 3.208651, 86.693115, 72.46075, 134.91347, 149.6154, 108.27593, 17.06757, 20.732382, 6.280174, 25.29739]","[0.0, 0.0, 2.534886, 9.564404, 6.766176, 10.226314, 16.548725, 0.0, 0.0, 0.191317, 0.811061]","[3565259.0, 3565259.0, 3565259.0, 3565259.0, 3565259.0, 3565259.0, 3565259.0, 3565259.0, 3565259.0, 3565259.0, 3565259.0]","[0.0, 0.0, 0.0, 0.0, 0.0, 0.0, 0.0, 0.0, 0.0, 0.0, 0.0]",0.0,0.0,0.0
20200128175743,"[1.64, 3.92, 8.7, 9.66, 10.8, 12.0, 13.4, 0.64, 0.81, 6.25, 7.35]","[1.078935, 0.474473, 45.530323, 40.83759, 77.537704, 89.15506, 75.885254, 1.329636, 1.644471, 3.024638, 13.485202]","[1.687896, 0.252037, 16.185617, 12.798913, 24.131826, 26.049294, 17.148392, 2.193021, 2.800532, 0.916678, 4.462131]","[17.593512, 3.300118, 83.017525, 67.574585, 127.94226, 142.05681, 104.9662, 20.28078, 27.049498, 6.205311, 25.258768]","[0.0, 0.0, 2.408142, 9.460443, 6.356106, 10.004003, 15.603084, 0.0, 0.0, 0.207953, 0.733818]","[3565259.0, 3565259.0, 3565259.0, 3565259.0, 3565259.0, 3565259.0, 3565259.0, 3565259.0, 3565259.0, 3565259.0, 3565259.0]","[0.0, 0.0, 0.0, 0.0, 0.0, 0.0, 0.0, 0.0, 0.0, 0.0, 0.0]",0.0,0.0,0.0
20200128185744,"[1.64, 3.92, 8.7, 9.66, 10.8, 12.0, 13.4, 0.64, 0.81, 6.25, 7.35]","[0.869538, 0.454006, 45.10864, 40.544853, 76.89329, 88.57365, 75.673515, 1.020634, 1.292387, 3.02613, 13.482343]","[1.678716, 0.237373, 15.909576, 12.556912, 23.645945, 25.543125, 16.923597, 2.007855, 2.603082, 0.912863, 4.440247]","[18.523157, 3.241579, 79.215195, 64.45576, 123.636505, 136.94366, 102.91731, 20.28078, 27.049498, 6.113812, 25.181524]","[0.0, 0.0, 2.154653, 9.14856, 5.946034, 9.114757, 14.972655, 0.0, 0.0, 0.182998, 0.695195]","[3565259.0, 3565259.0, 3565259.0, 3565259.0, 3565259.0, 3565259.0, 3565259.0, 3565259.0, 3565259.0, 3565259.0, 3565259.0]","[0.0, 0.0, 0.0, 0.0, 0.0, 0.0, 0.0, 0.0, 0.0, 0.0, 0.0]",0.0,0.0,0.0
20200128195743,"[1.64, 3.92, 8.7, 9.66, 10.8, 12.0, 13.4, 0.64, 0.81, 6.25, 7.35]","[0.688938, 0.440742, 44.84916, 40.376057, 76.526375, 88.166504, 75.53423, 0.744, 0.968134, 3.027461, 13.484401]","[1.691326, 0.233897, 15.732865, 12.412127, 23.355324, 25.222307, 16.777693, 1.819216, 2.396622, 0.909256, 4.421127]","[17.94213, 3.223286, 74.39891, 61.85674, 118.51063, 131.8305, 101.34124, 20.28078, 26.103321, 6.188675, 25.220146]","[0.0, 0.0, 1.77442, 9.0446, 5.125892, 8.003202, 14.342229, 0.0, 0.0, 0.149726, 0.617952]","[3565259.0, 3565259.0, 3565259.0, 3565259.0, 3565259.0, 3565259.0, 3565259.0, 3565259.0, 3565259.0, 3565259.0, 3565259.0]","[0.0, 0.0, 0.0, 0.0, 0.0, 0.0, 0.0, 0.0, 0.0, 0.0, 0.0]",0.0,0.0,0.0
20200128205744,"[1.64, 3.92, 8.7, 9.66, 10.8, 12.0, 13.4, 0.64, 0.81, 6.25, 7.35]","[0.52092, 0.428334, 44.659866, 40.23755, 76.25916, 87.95522, 75.48709, 0.514537, 0.688298, 3.028227, 13.501815]","[1.73286, 0.236134, 15.611743, 12.320515, 23.156712, 25.020025, 16.690674, 1.67263, 2.24984, 0.90484, 4.407099]","[18.59288, 3.21231, 70.72333, 61.544857, 113.58977, 128.71815, 100.710815, 20.28078, 26.966011, 6.105494, 25.181524]","[0.0, 0.0, 2.534886, 9.668365, 7.381284, 10.893247, 17.336758, 0.0, 0.0, 0.249543, 0.888305]","[3565259.0, 3565259.0, 3565259.0, 3565259.0, 3565259.0, 3565259.0, 3565259.0, 3565259.0, 3565259.0, 3565259.0, 3565259.0]","[0.0, 0.0, 0.0, 0.0, 0.0, 0.0, 0.0, 0.0, 0.0, 0.0, 0.0]",0.0,0.0,0.0
20200128215743,"[1.64, 3.92, 8.7, 9.66, 10.8, 12.0, 13.4, 0.64, 0.81, 6.25, 7.35]","[0.355838, 0.415804, 44.566517, 40.17275, 76.139465, 87.87807, 75.51219, 0.32384, 0.449733, 3.030621, 13.510138]","[1.734157, 0.244547, 15.509454, 12.259244, 22.982977, 24.83255, 16.601957, 1.547238, 2.140325, 0.899059, 4.383161]","[19.569006, 3.428171, 68.82217, 61.4409, 110.9243, 126.939674, 99.76517, 20.28078, 27.049498, 6.047267, 25.220146]","[0.0, 0.0, 2.281397, 9.252522, 6.356106, 9.781692, 15.918298, 0.0, 0.0, 0.224589, 0.733818]","[3565259.0, 3565259.0, 3565259.0, 3565259.0, 3565259.0, 3565259.0, 3565259.0, 3565259.0, 3565259.0, 3565259.0, 3565259.0]","[0.0, 0.0, 0.0, 0.0, 0.0, 0.0, 0.0, 0.0, 0.0, 0.0, 0.0]",0.0,0.0,0.0
20200128225743,"[1.64, 3.92, 8.7, 9.66, 10.8, 12.0, 13.4, 0.64, 0.81, 6.25, 7.35]","[0.164272, 0.398796, 44.43836, 40.076427, 75.9917, 87.73612, 75.51518, 0.134919, 0.204736, 3.029569, 13.51932]","[1.327681, 0.24237, 15.382452, 12.177932, 22.76729, 24.59203, 16.469677, 1.120016, 1.650159, 0.893396, 4.353811]","[20.010588, 3.483051, 68.948906, 61.648823, 110.3092, 126.05042, 99.922775, 20.28078, 27.049498, 6.063903, 25.258768]","[0.0, 0.0, 3.041864, 9.668365, 7.586319, 10.893247, 18.440006, 0.0, 0.0, 0.282816, 0.888305]","[3565334.0, 3565259.0, 3565259.0, 3565259.0, 3565259.0, 3565259.0, 3565259.0, 3565259.0, 3565259.0, 3565259.0, 3565259.0]","[75.0, 0.0, 0.0, 0.0, 0.0, 0.0, 0.0, 0.0, 0.0, 0.0, 0.0]",75.0,4.9482615055129174e-05,21.560984046602588
20200128235744,"[1.64, 3.92, 8.7, 9.66, 10.8, 12.0, 13.4, 0.64, 0.81, 6.25, 7.35]","[0.060289, 0.386638, 44.314316, 39.95375, 75.81356, 87.59462, 75.504456, 0.047921, 0.09705, 3.0287, 13.524993]","[0.719798, 0.226031, 15.262383, 12.087212, 22.560429, 24.371723, 16.34006, 0.47885, 0.843747, 0.888032, 4.325794]","[18.59288, 3.472075, 68.69542, 61.4409, 109.489044, 124.271935, 100.08038, 20.28078, 27.049498, 6.072221, 25.29739]","[0.0, 0.0, 2.408142, 9.460443, 6.561142, 10.226314, 16.548725, 0.0, 0.0, 0.199635, 0.77244]","[3565259.0, 3565259.0, 3565259.0, 3565259.0, 3565259.0, 3565259.0, 3565259.0, 3565259.0, 3565260.0, 3565259.0, 3565259.0]","[0.0, 0.0, 0.0, 0.0, 0.0, 0.0, 0.0, 0.0, 1.0, 0.0, 0.0]",1.0,6.597682007350557e-07,0.28747978728803447
